{
  "n_total": 294,
  "n_ok": 81,
  "n_fail": 213,
  "mae_cm": 61.9,
  "medae_cm": 46.64999999999999,
  "rmse_cm": 82.14319938338336,
  "bias_cm": 52.48271604938272,
  "mape_pct": 167.84418478155848,
  "within_10pct": 6.172839506172839,
  "within_20pct": 12.345679012345679,
  "avg_latency_s": 1.3902354887974115,
  "tag": "da3_metric_large__nomask__nodist",
  "depth_model": "DA3 Metric Large",
  "depth_model_params_m": 400.0,
  "use_ref_distance": false,
  "use_gt_mask": false,
  "use_yolo_mask": false,
  "total_wall_s": 565.5,
  "out_csv": "benchmark_matrix\\da3_metric_large__nomask__nodist.csv"
}