{
  "n_total": 294,
  "n_ok": 30,
  "n_fail": 264,
  "mae_cm": 67.19266666666667,
  "medae_cm": 42.95,
  "rmse_cm": 84.53752220168273,
  "bias_cm": 62.612,
  "mape_pct": 196.7123895110527,
  "within_10pct": 3.3333333333333335,
  "within_20pct": 3.3333333333333335,
  "avg_latency_s": 1.0902907212575277,
  "tag": "da_v2_large__nomask__nodist",
  "depth_model": "DA V2 Metric Outdoor Large",
  "depth_model_params_m": 335.3,
  "use_ref_distance": false,
  "use_gt_mask": false,
  "total_wall_s": 36.9,
  "out_csv": "benchmark_matrix\\da_v2_large__nomask__nodist.csv"
}