{
  "n_total": 294,
  "n_ok": 30,
  "n_fail": 264,
  "mae_cm": 71.56133333333334,
  "medae_cm": 60.005,
  "rmse_cm": 86.0753652717586,
  "bias_cm": 69.90866666666666,
  "mape_pct": 192.25504783390755,
  "within_10pct": 6.666666666666667,
  "within_20pct": 6.666666666666667,
  "avg_latency_s": 0.5130674123764039,
  "tag": "da_v2_base__nomask__nodist",
  "depth_model": "DA V2 Metric Outdoor Base",
  "depth_model_params_m": 97.5,
  "use_ref_distance": false,
  "use_gt_mask": false,
  "total_wall_s": 18.5,
  "out_csv": "benchmark_matrix\\da_v2_base__nomask__nodist.csv"
}