{
  "n_total": 294,
  "n_ok": 30,
  "n_fail": 264,
  "mae_cm": 24.416666666666668,
  "medae_cm": 16.295,
  "rmse_cm": 35.68094496132822,
  "bias_cm": -7.172666666666667,
  "mape_pct": 49.27160374914206,
  "within_10pct": 20.0,
  "within_20pct": 26.666666666666668,
  "avg_latency_s": 10.99482889175415,
  "tag": "depth_pro__nomask__nodist",
  "depth_model": "Apple Depth Pro",
  "depth_model_params_m": 350.0,
  "use_ref_distance": false,
  "use_gt_mask": false,
  "total_wall_s": 333.7,
  "out_csv": "benchmark_matrix\\depth_pro__nomask__nodist.csv"
}