{
  "n_total": 294,
  "n_ok": 30,
  "n_fail": 264,
  "mae_cm": 48.90233333333333,
  "medae_cm": 31.665,
  "rmse_cm": 70.84602150673906,
  "bias_cm": 36.27033333333333,
  "mape_pct": 151.75374014170038,
  "within_10pct": 6.666666666666667,
  "within_20pct": 13.333333333333334,
  "avg_latency_s": 6.040077439943949,
  "tag": "unidepth_v2_l__nomask__nodist",
  "depth_model": "UniDepth V2 ViT-L",
  "depth_model_params_m": 350.0,
  "use_ref_distance": false,
  "use_gt_mask": false,
  "total_wall_s": 220.0,
  "out_csv": "benchmark_matrix\\unidepth_v2_l__nomask__nodist.csv"
}