{
  "n_total": 294,
  "n_ok": 294,
  "n_fail": 0,
  "mae_cm": 22.267993197278912,
  "medae_cm": 14.05,
  "rmse_cm": 31.489924190289887,
  "bias_cm": 22.223095238095237,
  "mape_pct": 44.032671217721585,
  "within_10pct": 1.0204081632653061,
  "within_20pct": 13.945578231292515,
  "avg_latency_s": 26.095629154419413,
  "tag": "da3_metric_large__yolomaskm__refdist",
  "depth_model": "DA3 Metric Large",
  "depth_model_params_m": 400.0,
  "use_ref_distance": true,
  "use_gt_mask": false,
  "use_yolo_mask": false,
  "use_yolo_mask_m": true,
  "total_wall_s": 7868.1,
  "out_csv": "benchmark_matrix_full\\da3_metric_large__yolomaskm__refdist.csv"
}