{
  "n_total": 294,
  "n_ok": 294,
  "n_fail": 0,
  "mae_cm": 27.044931972789115,
  "medae_cm": 23.840000000000003,
  "rmse_cm": 32.021977481672415,
  "bias_cm": -26.891326530612247,
  "mape_pct": 57.44243277246161,
  "within_10pct": 2.380952380952381,
  "within_20pct": 6.462585034013606,
  "avg_latency_s": 26.173781885581764,
  "tag": "da3_metric_large__nomask__nodist",
  "depth_model": "DA3 Metric Large",
  "depth_model_params_m": 400.0,
  "use_ref_distance": false,
  "use_gt_mask": false,
  "use_yolo_mask": false,
  "use_yolo_mask_m": false,
  "total_wall_s": 7696.0,
  "out_csv": "benchmark_matrix_full\\da3_metric_large__nomask__nodist.csv"
}