{
  "n_total": 294,
  "n_ok": 294,
  "n_fail": 0,
  "mae_cm": 12.196530612244898,
  "medae_cm": 9.370000000000001,
  "rmse_cm": 16.10253427892894,
  "bias_cm": 10.43,
  "mape_pct": 30.577426690298932,
  "within_10pct": 24.489795918367346,
  "within_20pct": 45.57823129251701,
  "avg_latency_s": 26.108479949892782,
  "tag": "da3_metric_large__yolomaskm__nodist",
  "depth_model": "DA3 Metric Large",
  "depth_model_params_m": 400.0,
  "use_ref_distance": false,
  "use_gt_mask": false,
  "use_yolo_mask": false,
  "use_yolo_mask_m": true,
  "total_wall_s": 7872.9,
  "out_csv": "benchmark_matrix_full\\da3_metric_large__yolomaskm__nodist.csv"
}