{
  "n_total": 294,
  "n_ok": 294,
  "n_fail": 0,
  "mae_cm": 8.907482993197279,
  "medae_cm": 6.790000000000001,
  "rmse_cm": 11.517984960531091,
  "bias_cm": -4.885714285714286,
  "mape_pct": 19.632734097593765,
  "within_10pct": 27.2108843537415,
  "within_20pct": 58.843537414965986,
  "avg_latency_s": 25.95729753273685,
  "tag": "da3_metric_large__gtmask__nodist",
  "depth_model": "DA3 Metric Large",
  "depth_model_params_m": 400.0,
  "use_ref_distance": false,
  "use_gt_mask": true,
  "use_yolo_mask": false,
  "use_yolo_mask_m": false,
  "total_wall_s": 7640.4,
  "out_csv": "benchmark_matrix_full\\da3_metric_large__gtmask__nodist.csv"
}