{
  "n_total": 294,
  "n_ok": 294,
  "n_fail": 0,
  "mae_cm": 23.103435374149658,
  "medae_cm": 14.380000000000003,
  "rmse_cm": 32.183232604639855,
  "bias_cm": 23.09982993197279,
  "mape_pct": 46.35674693095443,
  "within_10pct": 1.3605442176870748,
  "within_20pct": 10.54421768707483,
  "avg_latency_s": 25.70169404574803,
  "tag": "da3_metric_large__yolomask__refdist",
  "depth_model": "DA3 Metric Large",
  "depth_model_params_m": 400.0,
  "use_ref_distance": true,
  "use_gt_mask": false,
  "use_yolo_mask": true,
  "use_yolo_mask_m": false,
  "total_wall_s": 7818.7,
  "out_csv": "benchmark_matrix_full\\da3_metric_large__yolomask__refdist.csv"
}