{
  "n_total": 294,
  "n_ok": 294,
  "n_fail": 0,
  "mae_cm": 4.196768707482993,
  "medae_cm": 3.104999999999997,
  "rmse_cm": 5.853382038831652,
  "bias_cm": 3.135612244897959,
  "mape_pct": 9.262057551898794,
  "within_10pct": 62.244897959183675,
  "within_20pct": 90.1360544217687,
  "avg_latency_s": 24.952542823999107,
  "tag": "da3_metric_large__gtmask__refdist",
  "depth_model": "DA3 Metric Large",
  "depth_model_params_m": 400.0,
  "use_ref_distance": true,
  "use_gt_mask": true,
  "use_yolo_mask": false,
  "use_yolo_mask_m": false,
  "total_wall_s": 7345.0,
  "out_csv": "benchmark_matrix_full\\da3_metric_large__gtmask__refdist.csv"
}