{
  "n_total": 294,
  "n_ok": 294,
  "n_fail": 0,
  "mae_cm": 12.691836734693878,
  "medae_cm": 10.669999999999995,
  "rmse_cm": 16.427407991930234,
  "bias_cm": 10.7378231292517,
  "mape_pct": 31.72439784359755,
  "within_10pct": 23.12925170068027,
  "within_20pct": 42.17687074829932,
  "avg_latency_s": 25.745465402700464,
  "tag": "da3_metric_large__yolomask__nodist",
  "depth_model": "DA3 Metric Large",
  "depth_model_params_m": 400.0,
  "use_ref_distance": false,
  "use_gt_mask": false,
  "use_yolo_mask": true,
  "use_yolo_mask_m": false,
  "total_wall_s": 7831.5,
  "out_csv": "benchmark_matrix_full\\da3_metric_large__yolomask__nodist.csv"
}