{
  "n_total": 294,
  "n_ok": 294,
  "n_fail": 0,
  "mae_cm": 23.38391156462585,
  "medae_cm": 20.480000000000004,
  "rmse_cm": 27.771417677099564,
  "bias_cm": -23.26697278911565,
  "mape_pct": 51.32213724021673,
  "within_10pct": 3.061224489795918,
  "within_20pct": 7.482993197278912,
  "avg_latency_s": 26.30706619810896,
  "tag": "da3_metric_large__nomask__refdist",
  "depth_model": "DA3 Metric Large",
  "depth_model_params_m": 400.0,
  "use_ref_distance": true,
  "use_gt_mask": false,
  "use_yolo_mask": false,
  "use_yolo_mask_m": false,
  "total_wall_s": 7735.2,
  "out_csv": "benchmark_matrix_full\\da3_metric_large__nomask__refdist.csv"
}