{
  "n_total": 294,
  "n_ok": 294,
  "n_fail": 0,
  "mae_cm": 23.10404761904762,
  "medae_cm": 14.385000000000002,
  "rmse_cm": 32.18344677934045,
  "bias_cm": 23.100374149659864,
  "mape_pct": 46.359103964869355,
  "within_10pct": 1.3605442176870748,
  "within_20pct": 10.54421768707483,
  "avg_latency_s": 0.5674900221986835,
  "tag": "da_v2_base__yolomask__refdist",
  "depth_model": "DA V2 Metric Outdoor Base",
  "depth_model_params_m": 97.5,
  "use_ref_distance": true,
  "use_gt_mask": false,
  "use_yolo_mask": true,
  "use_yolo_mask_m": false,
  "total_wall_s": 441.5,
  "out_csv": "benchmark_matrix_full\\da_v2_base__yolomask__refdist.csv"
}