{
  "n_total": 294,
  "n_ok": 294,
  "n_fail": 0,
  "mae_cm": 196.02537414965985,
  "medae_cm": 184.14999999999998,
  "rmse_cm": 211.0117585336319,
  "bias_cm": 195.30034013605442,
  "mape_pct": 511.0074169847537,
  "within_10pct": 0.0,
  "within_20pct": 0.3401360544217687,
  "avg_latency_s": 0.5161617199579874,
  "tag": "da_v2_base__gtmask__nodist",
  "depth_model": "DA V2 Metric Outdoor Base",
  "depth_model_params_m": 97.5,
  "use_ref_distance": false,
  "use_gt_mask": true,
  "use_yolo_mask": false,
  "use_yolo_mask_m": false,
  "total_wall_s": 160.6,
  "out_csv": "benchmark_matrix_full\\da_v2_base__gtmask__nodist.csv"
}