{
  "n_total": 294,
  "n_ok": 294,
  "n_fail": 0,
  "mae_cm": 4.461802721088435,
  "medae_cm": 2.92,
  "rmse_cm": 8.289344299253388,
  "bias_cm": 2.5760204081632647,
  "mape_pct": 9.069286152510896,
  "within_10pct": 68.02721088435374,
  "within_20pct": 94.5578231292517,
  "avg_latency_s": 0.5069352566790418,
  "tag": "da_v2_base__gtmask__refdist",
  "depth_model": "DA V2 Metric Outdoor Base",
  "depth_model_params_m": 97.5,
  "use_ref_distance": true,
  "use_gt_mask": true,
  "use_yolo_mask": false,
  "use_yolo_mask_m": false,
  "total_wall_s": 157.3,
  "out_csv": "benchmark_matrix_full\\da_v2_base__gtmask__refdist.csv"
}