{
  "n_total": 294,
  "n_ok": 294,
  "n_fail": 0,
  "mae_cm": 25.75316326530612,
  "medae_cm": 22.979999999999997,
  "rmse_cm": 30.145815804920883,
  "bias_cm": -25.050238095238097,
  "mape_pct": 57.56807946283811,
  "within_10pct": 3.741496598639456,
  "within_20pct": 7.142857142857142,
  "avg_latency_s": 0.34892838585133457,
  "tag": "da_v2_small__nomask__refdist",
  "depth_model": "DA V2 Metric Outdoor Small",
  "depth_model_params_m": 24.8,
  "use_ref_distance": true,
  "use_gt_mask": false,
  "use_yolo_mask": false,
  "use_yolo_mask_m": false,
  "total_wall_s": 103.1,
  "out_csv": "benchmark_matrix_full\\da_v2_small__nomask__refdist.csv"
}