{
  "n_total": 294,
  "n_ok": 294,
  "n_fail": 0,
  "mae_cm": 68.57438775510204,
  "medae_cm": 49.445,
  "rmse_cm": 95.58053318971352,
  "bias_cm": 61.24275510204082,
  "mape_pct": 180.45114149597282,
  "within_10pct": 5.782312925170068,
  "within_20pct": 12.244897959183673,
  "avg_latency_s": 0.34909184530478754,
  "tag": "da_v2_small__nomask__nodist",
  "depth_model": "DA V2 Metric Outdoor Small",
  "depth_model_params_m": 24.8,
  "use_ref_distance": false,
  "use_gt_mask": false,
  "use_yolo_mask": false,
  "use_yolo_mask_m": false,
  "total_wall_s": 103.5,
  "out_csv": "benchmark_matrix_full\\da_v2_small__nomask__nodist.csv"
}