{
  "n_total": 294,
  "n_ok": 294,
  "n_fail": 0,
  "mae_cm": 23.572006802721088,
  "medae_cm": 21.055,
  "rmse_cm": 28.123940203766516,
  "bias_cm": -23.158945578231293,
  "mape_pct": 51.23332970083505,
  "within_10pct": 4.081632653061225,
  "within_20pct": 9.523809523809524,
  "avg_latency_s": 0.45507727674886483,
  "tag": "da_v2_base__nomask__refdist",
  "depth_model": "DA V2 Metric Outdoor Base",
  "depth_model_params_m": 97.5,
  "use_ref_distance": true,
  "use_gt_mask": false,
  "use_yolo_mask": false,
  "use_yolo_mask_m": false,
  "total_wall_s": 134.2,
  "out_csv": "benchmark_matrix_full\\da_v2_base__nomask__refdist.csv"
}