{
  "n_total": 294,
  "n_ok": 294,
  "n_fail": 0,
  "mae_cm": 24.018061224489795,
  "medae_cm": 19.869999999999997,
  "rmse_cm": 29.28483917972426,
  "bias_cm": -23.88547619047619,
  "mape_pct": 52.26931367877607,
  "within_10pct": 3.741496598639456,
  "within_20pct": 7.8231292517006805,
  "avg_latency_s": 1.1121670802434285,
  "tag": "da_v2_large__nomask__refdist",
  "depth_model": "DA V2 Metric Outdoor Large",
  "depth_model_params_m": 335.3,
  "use_ref_distance": true,
  "use_gt_mask": false,
  "use_yolo_mask": false,
  "use_yolo_mask_m": false,
  "total_wall_s": 327.4,
  "out_csv": "benchmark_matrix_full\\da_v2_large__nomask__refdist.csv"
}