{
  "n_total": 294,
  "n_ok": 294,
  "n_fail": 0,
  "mae_cm": 22.267755102040816,
  "medae_cm": 14.05,
  "rmse_cm": 31.490113619711074,
  "bias_cm": 22.22285714285714,
  "mape_pct": 44.03172032239503,
  "within_10pct": 1.0204081632653061,
  "within_20pct": 13.945578231292515,
  "avg_latency_s": 1.1496019785096045,
  "tag": "da_v2_large__yolomaskm__refdist",
  "depth_model": "DA V2 Metric Outdoor Large",
  "depth_model_params_m": 335.3,
  "use_ref_distance": true,
  "use_gt_mask": false,
  "use_yolo_mask": false,
  "use_yolo_mask_m": true,
  "total_wall_s": 525.1,
  "out_csv": "benchmark_matrix_full\\da_v2_large__yolomaskm__refdist.csv"
}