{
  "n_total": 294,
  "n_ok": 294,
  "n_fail": 0,
  "mae_cm": 5.6919727891156455,
  "medae_cm": 3.044999999999998,
  "rmse_cm": 13.012571603180177,
  "bias_cm": 2.893741496598639,
  "mape_pct": 11.949431931231512,
  "within_10pct": 64.96598639455783,
  "within_20pct": 91.83673469387756,
  "avg_latency_s": 0.35504042129127344,
  "tag": "da_v2_small__gtmask__refdist",
  "depth_model": "DA V2 Metric Outdoor Small",
  "depth_model_params_m": 24.8,
  "use_ref_distance": true,
  "use_gt_mask": true,
  "use_yolo_mask": false,
  "use_yolo_mask_m": false,
  "total_wall_s": 112.9,
  "out_csv": "benchmark_matrix_full\\da_v2_small__gtmask__refdist.csv"
}