{
  "n_total": 294,
  "n_ok": 294,
  "n_fail": 0,
  "mae_cm": 77.42044217687075,
  "medae_cm": 63.25,
  "rmse_cm": 96.86501235238252,
  "bias_cm": 68.9793537414966,
  "mape_pct": 206.11847456329602,
  "within_10pct": 2.380952380952381,
  "within_20pct": 5.1020408163265305,
  "avg_latency_s": 1.1148581504821777,
  "tag": "da_v2_large__nomask__nodist",
  "depth_model": "DA V2 Metric Outdoor Large",
  "depth_model_params_m": 335.3,
  "use_ref_distance": false,
  "use_gt_mask": false,
  "use_yolo_mask": false,
  "use_yolo_mask_m": false,
  "total_wall_s": 328.2,
  "out_csv": "benchmark_matrix_full\\da_v2_large__nomask__nodist.csv"
}