{
  "n_total": 294,
  "n_ok": 294,
  "n_fail": 0,
  "mae_cm": 74.20241496598639,
  "medae_cm": 58.239999999999995,
  "rmse_cm": 96.20391578259567,
  "bias_cm": 68.92166666666667,
  "mape_pct": 201.74004978447485,
  "within_10pct": 5.442176870748299,
  "within_20pct": 11.224489795918368,
  "avg_latency_s": 0.4587574759308173,
  "tag": "da_v2_base__nomask__nodist",
  "depth_model": "DA V2 Metric Outdoor Base",
  "depth_model_params_m": 97.5,
  "use_ref_distance": false,
  "use_gt_mask": false,
  "use_yolo_mask": false,
  "use_yolo_mask_m": false,
  "total_wall_s": 135.3,
  "out_csv": "benchmark_matrix_full\\da_v2_base__nomask__nodist.csv"
}