{
  "n_total": 294,
  "n_ok": 294,
  "n_fail": 0,
  "mae_cm": 23.103979591836733,
  "medae_cm": 14.385000000000002,
  "rmse_cm": 32.18335773821809,
  "bias_cm": 23.10030612244898,
  "mape_pct": 46.35920042393519,
  "within_10pct": 1.3605442176870748,
  "within_20pct": 10.54421768707483,
  "avg_latency_s": 0.3617831768632746,
  "tag": "da_v2_small__yolomask__refdist",
  "depth_model": "DA V2 Metric Outdoor Small",
  "depth_model_params_m": 24.8,
  "use_ref_distance": true,
  "use_gt_mask": false,
  "use_yolo_mask": true,
  "use_yolo_mask_m": false,
  "total_wall_s": 373.2,
  "out_csv": "benchmark_matrix_full\\da_v2_small__yolomask__refdist.csv"
}