{
  "n_total": 294,
  "n_ok": 294,
  "n_fail": 0,
  "mae_cm": 22.267993197278912,
  "medae_cm": 14.05,
  "rmse_cm": 31.490150727761577,
  "bias_cm": 22.223027210884354,
  "mape_pct": 44.03238911752547,
  "within_10pct": 1.0204081632653061,
  "within_20pct": 13.945578231292515,
  "avg_latency_s": 0.4932674437153096,
  "tag": "da_v2_base__yolomaskm__refdist",
  "depth_model": "DA V2 Metric Outdoor Base",
  "depth_model_params_m": 97.5,
  "use_ref_distance": true,
  "use_gt_mask": false,
  "use_yolo_mask": false,
  "use_yolo_mask_m": true,
  "total_wall_s": 331.0,
  "out_csv": "benchmark_matrix_full\\da_v2_base__yolomaskm__refdist.csv"
}