{
  "n_total": 294,
  "n_ok": 294,
  "n_fail": 0,
  "mae_cm": 22.267857142857142,
  "medae_cm": 14.05,
  "rmse_cm": 31.48990155049495,
  "bias_cm": 22.22295918367347,
  "mape_pct": 44.032087950669165,
  "within_10pct": 1.0204081632653061,
  "within_20pct": 13.945578231292515,
  "avg_latency_s": 0.3518733564688235,
  "tag": "da_v2_small__yolomaskm__refdist",
  "depth_model": "DA V2 Metric Outdoor Small",
  "depth_model_params_m": 24.8,
  "use_ref_distance": true,
  "use_gt_mask": false,
  "use_yolo_mask": false,
  "use_yolo_mask_m": true,
  "total_wall_s": 286.2,
  "out_csv": "benchmark_matrix_full\\da_v2_small__yolomaskm__refdist.csv"
}