{
  "n_total": 294,
  "n_ok": 294,
  "n_fail": 0,
  "mae_cm": 203.26265306122448,
  "medae_cm": 188.95999999999998,
  "rmse_cm": 221.3933265452586,
  "bias_cm": 201.9039455782313,
  "mape_pct": 524.7562785056164,
  "within_10pct": 0.0,
  "within_20pct": 0.6802721088435374,
  "avg_latency_s": 0.35893587920130515,
  "tag": "da_v2_small__gtmask__nodist",
  "depth_model": "DA V2 Metric Outdoor Small",
  "depth_model_params_m": 24.8,
  "use_ref_distance": false,
  "use_gt_mask": true,
  "use_yolo_mask": false,
  "use_yolo_mask_m": false,
  "total_wall_s": 114.3,
  "out_csv": "benchmark_matrix_full\\da_v2_small__gtmask__nodist.csv"
}