{
  "n_total": 294,
  "n_ok": 294,
  "n_fail": 0,
  "mae_cm": 23.103877551020407,
  "medae_cm": 14.385000000000002,
  "rmse_cm": 32.183301052978806,
  "bias_cm": 23.10020408163265,
  "mape_pct": 46.35865864389464,
  "within_10pct": 1.3605442176870748,
  "within_20pct": 10.54421768707483,
  "avg_latency_s": 1.2102805440928661,
  "tag": "da_v2_large__yolomask__refdist",
  "depth_model": "DA V2 Metric Outdoor Large",
  "depth_model_params_m": 335.3,
  "use_ref_distance": true,
  "use_gt_mask": false,
  "use_yolo_mask": true,
  "use_yolo_mask_m": false,
  "total_wall_s": 626.4,
  "out_csv": "benchmark_matrix_full\\da_v2_large__yolomask__refdist.csv"
}