{
  "n_total": 294,
  "n_ok": 294,
  "n_fail": 0,
  "mae_cm": 4.602551020408163,
  "medae_cm": 2.960000000000001,
  "rmse_cm": 9.038836294823898,
  "bias_cm": 2.2872448979591833,
  "mape_pct": 9.390097771652094,
  "within_10pct": 68.02721088435374,
  "within_20pct": 94.21768707482994,
  "avg_latency_s": 1.1346026237319116,
  "tag": "da_v2_large__gtmask__refdist",
  "depth_model": "DA V2 Metric Outdoor Large",
  "depth_model_params_m": 335.3,
  "use_ref_distance": true,
  "use_gt_mask": true,
  "use_yolo_mask": false,
  "use_yolo_mask_m": false,
  "total_wall_s": 341.1,
  "out_csv": "benchmark_matrix_full\\da_v2_large__gtmask__refdist.csv"
}