{
  "n_total": 294,
  "n_ok": 294,
  "n_fail": 0,
  "mae_cm": 23.103809523809524,
  "medae_cm": 14.390000000000004,
  "rmse_cm": 32.18288988516327,
  "bias_cm": 23.100204081632654,
  "mape_pct": 46.35857578026026,
  "within_10pct": 1.3605442176870748,
  "within_20pct": 10.54421768707483,
  "avg_latency_s": 11.639062168646833,
  "tag": "depth_pro__yolomask__refdist",
  "depth_model": "Apple Depth Pro",
  "depth_model_params_m": 350.0,
  "use_ref_distance": true,
  "use_gt_mask": false,
  "use_yolo_mask": true,
  "use_yolo_mask_m": false,
  "total_wall_s": 3690.6,
  "out_csv": "benchmark_matrix_full\\depth_pro__yolomask__refdist.csv"
}