{
  "n_total": 294,
  "n_ok": 294,
  "n_fail": 0,
  "mae_cm": 11.90938775510204,
  "medae_cm": 9.280000000000003,
  "rmse_cm": 16.115116619915273,
  "bias_cm": -0.8043537414965993,
  "mape_pct": 29.946159632753684,
  "within_10pct": 23.46938775510204,
  "within_20pct": 46.25850340136054,
  "avg_latency_s": 11.90829712679597,
  "tag": "depth_pro__gtmask__nodist",
  "depth_model": "Apple Depth Pro",
  "depth_model_params_m": 350.0,
  "use_ref_distance": false,
  "use_gt_mask": true,
  "use_yolo_mask": false,
  "use_yolo_mask_m": false,
  "total_wall_s": 3510.3,
  "out_csv": "benchmark_matrix_full\\depth_pro__gtmask__nodist.csv"
}