{
  "n_total": 294,
  "n_ok": 294,
  "n_fail": 0,
  "mae_cm": 17.505408163265304,
  "medae_cm": 16.459999999999997,
  "rmse_cm": 20.792591212249807,
  "bias_cm": 16.084115646258503,
  "mape_pct": 50.751533757954235,
  "within_10pct": 16.666666666666664,
  "within_20pct": 27.55102040816326,
  "avg_latency_s": 12.103201210904283,
  "tag": "depth_pro__yolomask__nodist",
  "depth_model": "Apple Depth Pro",
  "depth_model_params_m": 350.0,
  "use_ref_distance": false,
  "use_gt_mask": false,
  "use_yolo_mask": true,
  "use_yolo_mask_m": false,
  "total_wall_s": 3826.2,
  "out_csv": "benchmark_matrix_full\\depth_pro__yolomask__nodist.csv"
}