{
  "n_total": 294,
  "n_ok": 294,
  "n_fail": 0,
  "mae_cm": 5.571768707482993,
  "medae_cm": 2.969999999999997,
  "rmse_cm": 11.212185153589257,
  "bias_cm": 2.5317687074829927,
  "mape_pct": 10.95972046882983,
  "within_10pct": 61.224489795918366,
  "within_20pct": 89.45578231292517,
  "avg_latency_s": 11.200817829897614,
  "tag": "depth_pro__gtmask__refdist",
  "depth_model": "Apple Depth Pro",
  "depth_model_params_m": 350.0,
  "use_ref_distance": true,
  "use_gt_mask": true,
  "use_yolo_mask": false,
  "use_yolo_mask_m": false,
  "total_wall_s": 3301.9,
  "out_csv": "benchmark_matrix_full\\depth_pro__gtmask__refdist.csv"
}