{
  "n_total": 294,
  "n_ok": 294,
  "n_fail": 0,
  "mae_cm": 22.267925170068025,
  "medae_cm": 14.045000000000002,
  "rmse_cm": 31.490541064430953,
  "bias_cm": 22.223027210884354,
  "mape_pct": 44.03117121658624,
  "within_10pct": 1.0204081632653061,
  "within_20pct": 13.945578231292515,
  "avg_latency_s": 11.53792069477289,
  "tag": "depth_pro__yolomaskm__refdist",
  "depth_model": "Apple Depth Pro",
  "depth_model_params_m": 350.0,
  "use_ref_distance": true,
  "use_gt_mask": false,
  "use_yolo_mask": false,
  "use_yolo_mask_m": true,
  "total_wall_s": 3583.1,
  "out_csv": "benchmark_matrix_full\\depth_pro__yolomaskm__refdist.csv"
}