{
  "n_total": 294,
  "n_ok": 294,
  "n_fail": 0,
  "mae_cm": 17.058537414965986,
  "medae_cm": 16.189999999999994,
  "rmse_cm": 20.53758258167985,
  "bias_cm": 15.664047619047619,
  "mape_pct": 49.481121130836556,
  "within_10pct": 15.306122448979592,
  "within_20pct": 32.31292517006803,
  "avg_latency_s": 10.786005540769928,
  "tag": "depth_pro__yolomaskm__nodist",
  "depth_model": "Apple Depth Pro",
  "depth_model_params_m": 350.0,
  "use_ref_distance": false,
  "use_gt_mask": false,
  "use_yolo_mask": false,
  "use_yolo_mask_m": true,
  "total_wall_s": 3369.3,
  "out_csv": "benchmark_matrix_full\\depth_pro__yolomaskm__nodist.csv"
}