{
  "n_total": 294,
  "n_ok": 294,
  "n_fail": 0,
  "mae_cm": 23.43234693877551,
  "medae_cm": 18.86,
  "rmse_cm": 31.290202271050685,
  "bias_cm": -17.42214285714286,
  "mape_pct": 48.01980260490638,
  "within_10pct": 9.183673469387756,
  "within_20pct": 19.387755102040817,
  "avg_latency_s": 12.756757124751603,
  "tag": "depth_pro__nomask__nodist",
  "depth_model": "Apple Depth Pro",
  "depth_model_params_m": 350.0,
  "use_ref_distance": false,
  "use_gt_mask": false,
  "use_yolo_mask": false,
  "use_yolo_mask_m": false,
  "total_wall_s": 3751.4,
  "out_csv": "benchmark_matrix_full\\depth_pro__nomask__nodist.csv"
}