{
  "n_total": 294,
  "n_ok": 294,
  "n_fail": 0,
  "mae_cm": 21.22136054421769,
  "medae_cm": 17.5,
  "rmse_cm": 28.70640392892521,
  "bias_cm": -18.456326530612245,
  "mape_pct": 46.379957184810216,
  "within_10pct": 9.863945578231291,
  "within_20pct": 18.027210884353742,
  "avg_latency_s": 12.352610085286251,
  "tag": "depth_pro__nomask__refdist",
  "depth_model": "Apple Depth Pro",
  "depth_model_params_m": 350.0,
  "use_ref_distance": true,
  "use_gt_mask": false,
  "use_yolo_mask": false,
  "use_yolo_mask_m": false,
  "total_wall_s": 3632.6,
  "out_csv": "benchmark_matrix_full\\depth_pro__nomask__refdist.csv"
}