{
  "n_total": 294,
  "n_ok": 294,
  "n_fail": 0,
  "mae_cm": 23.508843537414965,
  "medae_cm": 20.424999999999997,
  "rmse_cm": 27.93029668279797,
  "bias_cm": -23.39761904761905,
  "mape_pct": 51.79736250952127,
  "within_10pct": 2.0408163265306123,
  "within_20pct": 6.462585034013606,
  "avg_latency_s": 15.104406640643166,
  "tag": "unidepth_v2_l__nomask__refdist",
  "depth_model": "UniDepth V2 ViT-L",
  "depth_model_params_m": 350.0,
  "use_ref_distance": true,
  "use_gt_mask": false,
  "use_yolo_mask": false,
  "use_yolo_mask_m": false,
  "total_wall_s": 4441.3,
  "out_csv": "benchmark_matrix_full\\unidepth_v2_l__nomask__refdist.csv"
}