{
  "n_total": 294,
  "n_ok": 294,
  "n_fail": 0,
  "mae_cm": 4.403775510204081,
  "medae_cm": 3.025000000000004,
  "rmse_cm": 7.354935198131079,
  "bias_cm": 3.488537414965986,
  "mape_pct": 9.230832706915969,
  "within_10pct": 65.64625850340136,
  "within_20pct": 92.51700680272108,
  "avg_latency_s": 14.18693591299511,
  "tag": "unidepth_v2_l__gtmask__refdist",
  "depth_model": "UniDepth V2 ViT-L",
  "depth_model_params_m": 350.0,
  "use_ref_distance": true,
  "use_gt_mask": true,
  "use_yolo_mask": false,
  "use_yolo_mask_m": false,
  "total_wall_s": 4180.1,
  "out_csv": "benchmark_matrix_full\\unidepth_v2_l__gtmask__refdist.csv"
}