{
  "n_total": 294,
  "n_ok": 294,
  "n_fail": 0,
  "mae_cm": 19.905068027210884,
  "medae_cm": 16.125,
  "rmse_cm": 25.255259767390392,
  "bias_cm": 19.135544217687073,
  "mape_pct": 59.14923971742958,
  "within_10pct": 18.70748299319728,
  "within_20pct": 32.6530612244898,
  "avg_latency_s": 14.170216856359625,
  "tag": "unidepth_v2_l__gtmask__nodist",
  "depth_model": "UniDepth V2 ViT-L",
  "depth_model_params_m": 350.0,
  "use_ref_distance": false,
  "use_gt_mask": true,
  "use_yolo_mask": false,
  "use_yolo_mask_m": false,
  "total_wall_s": 4175.2,
  "out_csv": "benchmark_matrix_full\\unidepth_v2_l__gtmask__nodist.csv"
}