{
  "n_total": 294,
  "n_ok": 294,
  "n_fail": 0,
  "mae_cm": 22.267993197278912,
  "medae_cm": 14.05,
  "rmse_cm": 31.490162728056134,
  "bias_cm": 22.223027210884354,
  "mape_pct": 44.03227888257047,
  "within_10pct": 1.0204081632653061,
  "within_20pct": 13.945578231292515,
  "avg_latency_s": 15.836392984098318,
  "tag": "unidepth_v2_l__yolomaskm__refdist",
  "depth_model": "UniDepth V2 ViT-L",
  "depth_model_params_m": 350.0,
  "use_ref_distance": true,
  "use_gt_mask": false,
  "use_yolo_mask": false,
  "use_yolo_mask_m": true,
  "total_wall_s": 4848.9,
  "out_csv": "benchmark_matrix_full\\unidepth_v2_l__yolomaskm__refdist.csv"
}