{
  "n_total": 294,
  "n_ok": 294,
  "n_fail": 0,
  "mae_cm": 21.335408163265306,
  "medae_cm": 16.409999999999997,
  "rmse_cm": 29.24851420727783,
  "bias_cm": -14.732619047619048,
  "mape_pct": 44.75541000221951,
  "within_10pct": 10.884353741496598,
  "within_20pct": 22.448979591836736,
  "avg_latency_s": 13.900128491881754,
  "tag": "unidepth_v2_l__nomask__nodist",
  "depth_model": "UniDepth V2 ViT-L",
  "depth_model_params_m": 350.0,
  "use_ref_distance": false,
  "use_gt_mask": false,
  "use_yolo_mask": false,
  "use_yolo_mask_m": false,
  "total_wall_s": 4087.6,
  "out_csv": "benchmark_matrix_full\\unidepth_v2_l__nomask__nodist.csv"
}