{
  "n_total": 294,
  "n_ok": 294,
  "n_fail": 0,
  "mae_cm": 23.104183673469386,
  "medae_cm": 14.385000000000002,
  "rmse_cm": 32.18364525824948,
  "bias_cm": 23.100578231292516,
  "mape_pct": 46.359259921757385,
  "within_10pct": 1.3605442176870748,
  "within_20pct": 10.54421768707483,
  "avg_latency_s": 14.380758148472326,
  "tag": "unidepth_v2_l__yolomask__refdist",
  "depth_model": "UniDepth V2 ViT-L",
  "depth_model_params_m": 350.0,
  "use_ref_distance": true,
  "use_gt_mask": false,
  "use_yolo_mask": true,
  "use_yolo_mask_m": false,
  "total_wall_s": 4490.3,
  "out_csv": "benchmark_matrix_full\\unidepth_v2_l__yolomask__refdist.csv"
}