{
  "n_total": 294,
  "n_ok": 294,
  "n_fail": 0,
  "mae_cm": 4.230170068027211,
  "medae_cm": 3.1900000000000013,
  "rmse_cm": 5.855745506951004,
  "bias_cm": 3.1605102040816324,
  "mape_pct": 9.285683710645715,
  "within_10pct": 61.224489795918366,
  "within_20pct": 91.49659863945578,
  "avg_latency_s": 1.118454057343152,
  "tag": "da3_504x378_gpu__gtmask__refdist",
  "depth_model": "DA3 Metric Large",
  "depth_model_params_m": 400.0,
  "use_ref_distance": true,
  "use_gt_mask": true,
  "use_yolo_mask": false,
  "use_yolo_mask_m": false,
  "use_server_yolo_mask": false,
  "use_gt_bbox": false,
  "server_yolo_conf": 0.15,
  "upload_long_edge": 0,
  "jpeg_quality": 95,
  "total_wall_s": 364.4,
  "out_csv": "benchmark_matrix_eval_20260505\\da3_504x378_gpu__gtmask__refdist.csv"
}